<?xml version="1.0" encoding="utf-8" ?>
<dwsync>
<file name="cartoon_real_people.jpg" server="omarlatreche.tk//public_html/" local="130678879866590950" remote="130678881600000000" Dst="1" />
<file name="people_drawing.jpg" server="omarlatreche.tk//public_html/" local="130678880363859491" remote="130678881000000000" Dst="1" />
<file name="collage.png" server="omarlatreche.tk//public_html/" local="130678880112955612" remote="130678881600000000" Dst="1" />
<file name="loading.gif" server="omarlatreche.tk//public_html/" local="130678851250799669" remote="130678881000000000" Dst="1" />
<file name="people_colour.jpg" server="omarlatreche.tk//public_html/" local="130678879399612492" remote="130678881000000000" Dst="1" />
<file name="turning_head.gif" server="omarlatreche.tk//public_html/" local="130678880691165589" remote="130678881000000000" Dst="1" />
<file name="wine_glass.PNG" server="omarlatreche.tk//public_html/" local="130678823787859909" remote="130678882200000000" Dst="1" />
<file name="walking.gif" server="omarlatreche.tk//public_html/" local="130678881045849685" remote="130678882200000000" Dst="1" />
<file name="loading.gif" server="31.170.165.247//public_html/" local="130796487170000000" remote="130798830000000000" Dst="2" />
<file name="cartoon_real_people.jpg" server="31.170.165.247//public_html/" local="130796487160000000" remote="130798830000000000" Dst="2" />
<file name="collage.png" server="31.170.165.247//public_html/" local="130796487170000000" remote="130798830000000000" Dst="2" />
<file name="people_drawing.jpg" server="31.170.165.247//public_html/" local="130796487170000000" remote="130798830000000000" Dst="2" />
<file name="people_colour.jpg" server="31.170.165.247//public_html/" local="130796487170000000" remote="130798830000000000" Dst="2" />
<file name="wine_glass.PNG" server="31.170.165.247//public_html/" local="130796487170000000" remote="130798830000000000" Dst="2" />
<file name="turning_head.gif" server="31.170.165.247//public_html/" local="130796487170000000" remote="130798830000000000" Dst="2" />
<file name="walking.gif" server="31.170.165.247//public_html/" local="130796487170000000" remote="130798830000000000" Dst="2" />
</dwsync>